name,email,manager_email
name1,email1,managereimail1
name2,email2,managereimail2
name3,email3,managereimail3
name4,email4,managereimail4
name5,email5,managereimail5
name6,email6,managereimail6
name7,email7,managereimail7
name8,email8,managereimail8
name9,email9,managereimail9
name10,email10,managereimail10
name11,email11,managereimail11
name12,email12,managereimail12
name13,email13,managereimail13
name14,email14,managereimail14
name15,email15,managereimail15
name16,email16,managereimail16
name17,email17,managereimail17
name18,email18,managereimail18
name19,email19,managereimail19
name20,email20,managereimail20
name21,email21,managereimail21
name22,email22,managereimail22
name23,email23,managereimail23
name24,email24,managereimail24
